Merge, Parent1, Parent2, Merge Date
60866da4b7600e8528e1b95be99c0d837837e4cc,4d14143ac637bf11764723319bb37299b2e29ec1,ad3c042fc40880b47686a8d73b0d3401e66e1fcc,Tue May 02 12:48:30 CEST 2017
5717ac3cc67fbda09cf54828e14e463c3fe07566,210e101f6d7677e103b24beb33726a8ed8672c5f,8758c541b35bda1a6494ba703b450517027d5e9f,Wed Apr 19 10:12:11 CEST 2017
626faeafe730b2959b779d8aba0662e594b8bfce,2b15d20f9351b2625825153dc87381eb037b20aa,ed324d373ade6f63f7eedba0240f92547c26b175,Fri Feb 03 16:15:44 CET 2017
858333246d03b9169837233141fa65b884f74a5c,003805e87560caa1547b96adea04f01206b4f40c,1898dc2554221c96f0dc9bdfba16ad75ac94001e,Tue Jan 31 09:05:43 CET 2017
63e4552c0dc5c5bf9bc29f034e86cca8e0ec9230,e2ebabcb3ca550165ec6cfa6c4d4f02181f6b4fc,0c7fc229b8c22ee820df135e3d1983608759213d,Fri Jan 13 23:07:20 CET 2017
cd236c4de4a9edb8a5fe2a3d159eecd67815f92b,b4c8c21553fe3348e9c447e0deb49dbd81864c9e,e93fdb846083a29dc65505e111e32553d6f7be6c,Fri Jan 13 18:09:18 CET 2017
2aae409508aeff987fa3d4639648a3465976aff0,4c61f1d75da426b9df1f3bca494d6b53ad271914,baef86b9d3d5f4d3eae94f0d7c33c15ca0e1ca09,Wed Jan 11 12:41:26 CET 2017
80bf01d3c03d2fa415e35f3eaa3d9a65954d4ec5,daf1f53c39efa59252b64485f2346787209d3660,a5daa5d3a2f58dda0ab6133ccc5ead4d4a701c3a,Thu Jan 05 08:00:03 CET 2017
7be3af1123baf2b0363337dbedf3df6b582cf3ff,29d7c0d50d46b154f5148313c7906699ec237c2f,290326e73e088dacd7a6a20f7c61d17b3105aabc,Tue Dec 20 14:32:09 CET 2016
eb5cc1e24193e88bb85f608deb3ac09327825528,38060b209695db8d37d516bdcbff0145d0badcc7,63af03a1042a6ae1ed333aaabcd9cfc3a9fc3fec,Mon Dec 19 16:07:02 CET 2016
38060b209695db8d37d516bdcbff0145d0badcc7,85d9c745fbc6ea93b306eeb84c4e2bf4c3ddf562,43f9cd1fd4f7a5003960365dcac83261e072ab49,Fri Dec 16 18:03:40 CET 2016
85d9c745fbc6ea93b306eeb84c4e2bf4c3ddf562,f766dfca827a91583394c098d7470f0626a18e30,7f79c99e9a8f7cb79e9a0ad99e351e631784e555,Fri Dec 09 06:58:14 CET 2016
f766dfca827a91583394c098d7470f0626a18e30,4231aa4feb0361015cfc3eb3080e3b2772877f84,e9bb8d8b38c5ec50f46f9703f4284e1d617ac65d,Fri Dec 09 06:44:04 CET 2016
c9f49039d3779e14ee5c10d0fb07e8d4da1a2288,c7a1b3eb5046cc509a94de67e77c18090725b1a4,4c53e55d34194b0f4904682c98160e56ae5c140f,Tue Nov 15 11:14:47 CET 2016
1e7c42447999421ea789d51279496017d34b15d0,d3417fb02291f26964d77767020ef345d18c148f,06a50fa31ebb5e753010d863a1ca8d2066bf82c4,Fri Nov 11 17:25:27 CET 2016
d3417fb02291f26964d77767020ef345d18c148f,9ceb0f2cb4d49a090706d4f1e8a223b19ee0e064,179dd885e236d8f7ddfd4d4919e0be6a890743b8,Fri Nov 11 05:40:33 CET 2016
eafd3dfc551719670abae2b49363c500adc8e55b,2f883fcb85b1e76d20c03d09f5200354c403d465,a23ded6a94697adad66b79fcb61e64ddc965926c,Mon Oct 31 18:06:21 CET 2016
481f7909aebec0d73502d61f703ddd8185cb3783,0e8b6532ecc9e38c689b64ebb178271085e69c80,298cf1cf21b7f1fe0077daf185a8a66267f56ea4,Tue Oct 11 22:04:47 CEST 2016
c747085b7055a59676b064565e02821d00edc137,97a67565219ea2834bf30dfb0fa23e64d7a1c586,a6fa96d51397edf0ce7f1f5c8b853452c641dc22,Fri Oct 07 23:52:53 CEST 2016
40f8f281e0e03b9af56eb224234d375f8d31a826,ce6f6d3835d682dda631f7373e5de2588d8c0512,6174e21f47244b6d5153d7d0cc1fe28fe863399d,Thu Oct 06 10:09:23 CEST 2016
248ac240ed67d29113affa92a60d33f1b7f38a70,14908f8726e698640565b197c204b879ab7fc2f6,80bae2178f14552b378d5e8518f4111c50d89c33,Mon Oct 03 22:12:11 CEST 2016
25fd9e26c4fb042d6f6dea14efcd239577bdbbc4,c809671eb3a4ee113e337bc5f63ce5283017a17a,85402d5220d86ecebf6f2332a9743e717016ce24,Thu Sep 29 00:22:31 CEST 2016
9e58ca835c07511920813700c722921d7d4284cb,472c679981c4f422aebfd7cd0f7a03c63efc12a3,a530399ae5f78cc335c704f1a5583a3d861bfcc6,Mon Sep 19 14:51:55 CEST 2016
e166459bbed7d7a1a46fe689371d4a36fbfb08d1,ac8c2e98ab687b7ad1a4d0dea576801cc1924a62,1a805bb675e71353db2eab8a976d058739e4594c,Wed Aug 31 16:59:27 CEST 2016
e7393529b1f869bdb98d322cdbe05d163ab39724,00c123b59f8ba11eb260e6b70acf7be80bccc949,1a7a9d3c62356871af42c2bd6308ad3256ac9422,Sat Aug 20 06:14:12 CEST 2016
58c15f01b578918b6a3e6872d7e9bcc2b819310d,d89540be9cfdb6d8c6084f343aa2a419ba196159,3793d0573e9408c69431a1c064aa868f0e5043f0,Thu Aug 11 00:41:23 CEST 2016
4d272cc9b26cd77d06e03d0ebb35974d63206c90,54603903f3aa901d08918cf4c9fbecf399f64bbe,af5fbcddfcd927838f0fc2e8ff4c25dfc23fcf92,Tue Aug 09 11:53:29 CEST 2016
bdebaba8f5ceb015e28b8a3699640c9bd7991241,7cc8a1419bfeb99f3b48ce25c656955ee78ed384,1d03a1409cea5fa0d133fb36eb7f7d88abb733d1,Mon Jul 11 23:17:38 CEST 2016
2fc41adeb563d489947685999924570975c0ebb1,5a66c08ae9b6348dbeb47870e25faa561a14aa9a,a8020b1b3b25be5476519ecb2d9c7c2bd4ce1f60,Wed Jul 06 05:53:03 CEST 2016
18c9e7adafe26591f0472c5d021b8139b18e438c,5cf7583bded93c855f9fca0ba3b4e7730e03da1a,59075348772fc5e427184e53282c586ee2fdd35a,Wed Jul 06 05:46:36 CEST 2016
d0765d07619e644679fe426580229608eaabeeb3,9884b7dc71b06c472922438d3513a5b1102992eb,74af0e36f3bc6b7f3315ba23463fca78997d60aa,Wed Jul 06 04:01:07 CEST 2016
2f12d1cb4558a6374428f325be9e7d02a0047604,f6491047a0a7182d5c55660acc57add812ce64c1,62397c0c3d662932f0069e0d56f258f0754cc8b8,Fri Jul 01 21:58:11 CEST 2016
65c9b0b588cc233ea95c71dcd29e511dcf09698d,08b3b6264e8618deb125ab5a4825e50a7c04f9ab,d24cc65cad2f3152237df8b6c457a2d0a603f13a,Fri Jul 01 18:26:17 CEST 2016
c762e7aa150dc9961fb017dbdf3f7ba77392077a,865b951b7d5ba0acfa51bae2c12416044642338d,0732004ae800885c85322e493d1eeb480c9fbdef,Thu Jun 30 17:16:25 CEST 2016
8a2b27076e8160bcc98117b94d722c169c0553fe,527a9c7f48d571d06e5e300e64681ad5d952f398,4c2d6cf538da466ca469d8e68f25b7e5311616db,Thu Jun 30 14:46:21 CEST 2016
a9e93a0da4c982e8f40bdddbe25e8f05d8c1af26,ef6e43e18d04b05a398c9d45a12807a4e9c5a406,1ad3d2251fe16e1608a7ed26c4dc3fbe80d035ba,Thu Jun 30 11:53:09 CEST 2016
f4519c44b75f11ded35240133bd720a876cdcacb,f1376262fe72788cbcdd7cb431adf98a2650315e,c77dc4a82c1ea52ca9af14ad39a1e5de6379cc43,Thu Jun 30 07:38:23 CEST 2016
f1376262fe72788cbcdd7cb431adf98a2650315e,258c3e86ab504321d9c40aeb456654575fe79f43,4dcb2b80240f8f9db2efc747c15b31cc10399cf8,Wed Jun 29 23:16:16 CEST 2016
6995bde710e1b1434c33d3a6fef25dfb28342ec3,e817b5daa3c762e0adba87d1e524d53a99c5362f,0b2baa7f636d725d54be4cbc898f08a76d01af80,Fri Jun 24 20:15:06 CEST 2016
112669daedf3a4b92f70bf982b34f48ca56c303a,275ea6837d6fc1398c4bfe453650c7a4c9330a0c,0cae9ad30eb8fed74c6396a73343e83bc8547f73,Thu Jun 23 17:52:11 CEST 2016
fea120b07316158fc7423d22982666bbfbca206b,006829e89bf2bcf8e50f9e947fef7aa8626b6f01,09305a0f98523b6faae097781eaff9693f0e887b,Mon Jun 20 19:39:13 CEST 2016
9356a6090f0d58b1c380023f5f16237dad42c574,545ffa780174f4d0596e3e2f7829843e179ee04b,bf7a6f550933b9944a4b2629ddf716e14711b007,Fri Jun 17 17:35:57 CEST 2016
af93533a17bb35833f6a3ad249ce19fa4c34e11b,8c6037428490f266b3a73133e37acd44949c192a,5284c5094d05c03649b70eb42ae4f0c7bc9c2ce6,Fri Jun 17 13:50:18 CEST 2016
6adffa6b7b3f957403aa21cae5a7c843bf342786,eb9b4437b2020d9789a5d725d9eff14124268105,13d16fbf41e0cf90c9051e015681cc2198bb0334,Thu Jun 16 23:27:32 CEST 2016
e293000d8db4b1164aaaab1ca013c30182d0230c,bd94c62adf42e2bdde88ce13b1be7a09774c2423,387155559ead75fbc6d6f330528229be47e75781,Sat Jun 11 01:22:17 CEST 2016
9e0a70c4b2cc28a27ecdad3f3cc1b2e76519019a,edb0fd3b888eb36c18669543a2933e1a5f0f908b,f98be6fa062795a5421102d90f3dd4cff58bb3a1,Fri Jun 10 23:10:56 CEST 2016
d896886973660785aac45275ddb110c1a6babc57,90ef933404ae1d8aeaab97d9c0ab6925ee22add1,be168f528bbffcbc026fe427869c8e458d275156,Tue Jun 07 23:57:53 CEST 2016
950b093fc7dc0f0a4bd7affe2ec10b7c6aca8436,23d7cdd043a14367f88f8f74a81d6789bf7bbf40,da74323141a69bd06fc19a70bc072143e9f0e986,Tue Jun 07 04:39:28 CEST 2016
0c9174decc7bf16389f5506c2fb09eb040cc9eba,9a0d0d7cffa876639a425f785893fe83388836c1,d8056c8213ea7d2fbd26dbe15e23e96acfbd180c,Mon Jun 06 18:23:01 CEST 2016
a60b8948ba1d836a6eac7cff095519e618939ed8,48443259217e431146c8d3b13c01cdd5ecd7a637,0a8afa2e7269ddbec3755b8f10033e93f55149c2,Mon Jun 06 17:16:22 CEST 2016
bbd5f26d45c5e905a237375bae7a0df98ae0bfad,6380560dbb989242e48f68719fe6045c51f7017e,d55f719f8abe56a25f9d78999ef356a260599a78,Fri Jun 03 19:32:03 CEST 2016
0a9c036c3e34a63b21002c86fcfc8528e61b03bf,a56a9cb8186e4c2d9dd19a17d79e7b98fbde2ccd,f6074d383b7cb62dc31b2ea017a84ec83cce1e4e,Tue May 24 02:35:44 CEST 2016
ad7229fe723fb2fa4ef4ba016ae145d10323c5c3,f6694beca0ec96ec926f167332acfe7bdfce9eef,cec4b9a71c4f561e21897309154e3fb306b98f55,Sun May 22 03:04:43 CEST 2016
37d36f2f4c31419691abcdb27a042d5e8c275338,f01f15d3b8592db4210f725f0c37baff4a554a35,ba14aca2185ef578280f8b05516794423d9a24e0,Sat May 21 23:19:58 CEST 2016
c0eb813e109036e2f39815a67d805bae2dabb76d,ce9b36590aa884c9bcabe183a974175d41901314,4e454439bb3d9b9a4e949dfed98736303a584e65,Fri May 20 16:59:13 CEST 2016
1d75ee6fb98e6ff1e27967fc3fe92b2d241c3bf4,6772517f4d927fbcabd9fb9528fc1049a3f95578,a01ecb20ea3edaee2db670763a3bb58d79ab5f03,Fri May 20 16:12:30 CEST 2016
4c627a00e5f4e052d94d98778cb335bd19ad71dc,9922931144ba319069d06c8bc4487f281db0a019,3ee7358fea999d930a8674fa5a784a0ddb48e972,Tue May 17 21:12:06 CEST 2016
b27b0483d597dfb3d3318cdde18a3dd272b62f00,5622e9c9d3d07e8916b9ad2e6c1440fa5fa1955b,ee6d29b3429d9204103823f3c63044a760d946cf,Tue May 17 18:47:33 CEST 2016
2d402c732c2fb456bdf4c76bc1bdbc6961aec5ec,36cd69c6acdfb5334999e920635bf07eeb689aa0,be0bbce5dfd275049d74040edb39af2286798c3a,Tue May 17 11:59:50 CEST 2016
15d3d74444ede63651f5ef10dd172da5293529ad,dcd2642dad0ac54a6a58abe47b809ca9c665a6dd,d3d57da89ff3ae4071f93af97c1f71e7b8d3364a,Sun May 15 02:23:59 CEST 2016
d7eb375d2433a328b9715ae141e93e21b3aca277,c1f7171e619a8b7abfe1088e011696bcee7fce13,2232a7cdf30e4cdcdaaa9a603ccfa245e0519a45,Fri Apr 29 15:21:16 CEST 2016
31ca8fa41149dbe870936ae058b47defb45f8711,3adaf096758a6015ca4f733e2e49ee5528ac3cd5,0eb1a816c8ad5ba8c630d8af783210fb79b7901b,Mon Apr 11 22:44:59 CEST 2016
6e44ddaf0efbdb640335c0a86220ce6b79e2ce24,272f3eb140b9d8fc0ada724db5264437e7d27d46,85c1334ec9ba4db7ed73e0c5d83b7584983f671e,Wed Apr 06 23:06:30 CEST 2016
c7c8b1d825c1ec7f6a00232ee5c3ffa38384ddda,8b970d970ddfb32c27d51f436c4d6f7b35258540,e85535724ef9a1cfa622fd79a3593d3b714e5570,Sat Apr 02 19:56:00 CEST 2016
4793630eb8f599f193a860d95bd7a1c80717ac70,bd9e908b7c832be8798d83c4783815044c52cd78,9402251eaf1ed0a831397c02d1abde40a9961015,Mon Mar 28 18:29:53 CEST 2016
a9f4982c406a574aeb4460cb63e231fe835e4b41,93ce36a198a14ba882b97a7521a0d3162fa75496,43d0d3e11fbb6ce1a1adb1e6fcb511f8ebc4be03,Fri Mar 25 20:16:40 CET 2016
91021e3019d205b515a13b0a8b1ccd7c855d6368,7c8cdf4a714375c18af5d3ee9626e23fd9f6c1ad,b8227a72224a9d77bc9ec852213a689507605d8c,Fri Mar 25 15:50:48 CET 2016
27d4994affd5ceaf16785465fd7b89ebec1cb95a,2c6e78e16ceb71861dc23f173ecb702b0d36a096,5e8656aff04800faa5e71c3956f097cdab0e119b,Thu Mar 24 18:10:11 CET 2016
08d989d9b61a5c4a526b64e9b3d80ad4c4a3cb8d,801d178ade45da6e444007235322df5c4b02c0cf,63b754aa22c7a712fe40bd7f8e232b0775a4f203,Thu Mar 24 12:06:10 CET 2016
7c8cdf4a714375c18af5d3ee9626e23fd9f6c1ad,39ae16bc4c1e45ddd5da1065b122082e74ca0bf2,d514977c75c845d1f15baccc4af98db162191bac,Tue Mar 22 19:21:28 CET 2016
39ae16bc4c1e45ddd5da1065b122082e74ca0bf2,858610d0d10cd9ac33f3e460528a1f9f80863257,b07a8185a7a3e9e5ea34e5a2aa11584f8d37b042,Tue Mar 22 11:46:26 CET 2016
bf390a935e8dfcb09a12dcf387c838fb7029ae1c,da1992248960e75f27cfc1af5386e905e3ea8fcc,4ac4f3c8bc25eb3ca6b20fbba1ec33a54e93dd99,Mon Mar 21 17:18:23 CET 2016
858610d0d10cd9ac33f3e460528a1f9f80863257,838c7ddd82ad2e0d46c47658834899f8f3c94518,ef4293a993014379c54e2399e692c6387d80f0ca,Sat Mar 19 13:57:40 CET 2016
39667b5793b8c684ed7d8c8571611740a0fd8288,b4b874f0d81f123c70d6c27714844d75f8df6b4e,79356c8a3bdeec28bb2852694a876b13b4e00d9b,Wed Mar 16 12:06:42 CET 2016
1f1f6861b777cff0deb925ba88b623d2b3c249ed,17a420e6aa7745c93bab7b0e2d6c08b203527508,4b5783bdd9d74a3bb997ae04bbf55ae7e05ec18b,Tue Mar 15 11:03:28 CET 2016
bd96075f7f7140ef61c619bc4399bf43af7e83fb,ce6ec511b9761997d215fd821ecfba55a803c597,e4bed0c97e7e0acb293624f9601027f8be38c874,Mon Mar 14 21:18:42 CET 2016
97638c95fc662728f0c0aff8d450274b9a27ad65,4b803d75cf3d06faa0bb81472ca09564406c70c0,c3cd8564df0ff836d996a618397a00a8a583abca,Mon Mar 14 11:13:47 CET 2016
9acb0bb28ce4f6affe3de86943acb393d9c665ec,e35032950ecaf1362ef015bc32e7d7fdcf8d2249,625695a92a3fc4c2850cd5d11ac5e739591beffc,Sun Mar 13 14:52:10 CET 2016
69c83b3459f100055c316f364cea3cd58d713b52,e7cffa5e9fd3c2eb177eb57e86a55c13006c47ad,b4db26eaf9a07948e4da8d1197aadfb414699562,Thu Mar 10 11:44:36 CET 2016
330f2919cbe6037525b79f82578af5ff5204c6b0,d0cbb6b7cd79c8ec937b45abce6fac19cf181218,12a6f36a341209c2e7e3958ce6f3dbca381c6ff8,Thu Mar 10 09:37:42 CET 2016
bbdbfe7373b7734d0034ca95afa09a0cb6df11e6,03754ade83daa7d6ccc07ed9fa7233241fae1032,dedc45ea627b15d4191486267a0035ac2bb7a210,Wed Mar 09 20:28:27 CET 2016
2bd09c4625898d77aa6c015c6f82cf973ed18cb7,4a7524fbc096ad7eca2663abbfd033730650f5a5,c0572c631db574cdcaa17413cb9376dacd1f8210,Tue Mar 08 16:19:56 CET 2016
474fd2607346308674f65ce336af8fc3c125b53c,20f5255670e3e1bdce973b55ec076f8a9f2b6870,198a79edf574543b4f7e7568265c36ddbe53f72d,Tue Mar 08 14:52:59 CET 2016
7a49cd1287454dd3a7e7f8fce24f8d9cca9ef585,687aadef00b87b369ca935a1514e37a7b679609c,0b0a2513436c8a4bdec5b238fe360a66e0825319,Sun Mar 06 22:29:56 CET 2016
687aadef00b87b369ca935a1514e37a7b679609c,8321d7c5c24444b82cba2f2b0468564a525688fb,d079830f10ca161dbf0280c845df33de5425be72,Fri Mar 04 21:13:17 CET 2016
c11cf3bf1fec128946f2517b944e3feed27f1f0a,e4031932edaea00b5ec06f6153aa7e02e8f0e74e,29e3443917b56a5015ca1869af612a48ab306e83,Fri Mar 04 12:23:10 CET 2016
5fbf1b95dc4e0e0c71f393eeeeefa171fda11a6f,cadd8664bbf98f8fd00df098d2f405040e61f269,82567f1bdf578c0f1128f0f4a457b8ba6269e7ce,Wed Mar 02 09:43:53 CET 2016
aecf51cb42ea1abf1399989a23cae296542bfe6c,a7053afdb962b2e710cc1b1c1d2dff3b99658a83,79820ea94202c1fdf7cdc0cdefd7eddb9d0254c0,Tue Mar 01 17:20:15 CET 2016
a7053afdb962b2e710cc1b1c1d2dff3b99658a83,379bd94c2a3d6360eb07a4481940202b173d0a0c,3fe9c7736c3914a417b6de08ef9690b21242324f,Tue Mar 01 12:37:05 CET 2016
a7f6488216ec1eecc7c8e288b7ab80778ff645d8,78534847a3f7aac4dc6dd91a30c9aa881632ffbe,ba5be0332dbf28a3fa4b0e73d4222a1da39b5dfe,Fri Feb 26 23:21:12 CET 2016
c38119bae9a134953743d1030e92632acba6ec30,821a20f582ea70e9452323f782dcc21cfa9a3fa2,ba5be0332dbf28a3fa4b0e73d4222a1da39b5dfe,Fri Feb 26 22:59:54 CET 2016
09df7379c59e75ff27cdef087748579a64a79617,551e6bd66f542f99d261b22e01011066ec007e83,80fc0496bb2faf7ecba844a971dea4a20e8c7c3f,Thu Feb 25 22:05:27 CET 2016
2e3160824ca1f59cf23138e1691a87a60891e8f3,38ba35431c4f23f791826faa1216680db2951817,5fffede2b0f8d3b8ff4eb8c04a1b0bd91bc92e97,Sun Feb 21 11:26:22 CET 2016
5320d538f153e93432a435ab450ca7361748cb25,beea413820fa7bce3f47e6ff617ac985deab2bd4,89a2505d01fea46c30c18c0e1cce2be94929243c,Mon Feb 15 17:03:33 CET 2016
1a46628daaea0a0a55649bb557976e2c9ef63733,c3d652030cae3d74a5006eedb2dce1b9c5ce3bd8,11ce624343f994efc22da7599a36131f4b0bbf08,Mon Feb 15 11:37:16 CET 2016
d0cbb6b7cd79c8ec937b45abce6fac19cf181218,4bb5b4100d0687f29d758ce5a329c831c563ebe5,1fb1ffbac69cdfad86fcb81d93d34a6610c481bf,Sun Feb 14 18:22:00 CET 2016
beea413820fa7bce3f47e6ff617ac985deab2bd4,7ae5c0317d62083aeab15284ac893e79aa409922,ca23ee61043624948e8b5ef2d44684de0aff286d,Fri Feb 12 17:54:44 CET 2016
4bb5b4100d0687f29d758ce5a329c831c563ebe5,4d0feff2efc358914f2d29634eafdb4dec1e5c0f,b5aee2075f1b5a9fd6a3a0f3b7594e5d51c57b33,Fri Feb 12 15:53:31 CET 2016
ed3f7903f47d1894bbe9ae74e25ec00eec361c1c,ca6058efabfc3c193165d817ee2ee604592817a5,b5aee2075f1b5a9fd6a3a0f3b7594e5d51c57b33,Fri Feb 12 10:48:59 CET 2016
5a22da1eba53872425100ce72991647f0c52e83f,eed557742f5db7cd82d22b69a84220cc598fd744,ef8ef2afe01372c362cd90137ee5f163a15f07a7,Fri Feb 12 00:40:29 CET 2016
eed557742f5db7cd82d22b69a84220cc598fd744,04681ef6165a40192a6e268ca2df861d9d017f47,bbeb09eae7ac3c5d9837bb26eacfac6bba468929,Fri Feb 12 00:30:58 CET 2016
80bbb4a385cb88800837fbe2d9a5367dcbfaaaf9,e5a506752dfd243fd75263bef3a988caa2b5ef22,77a1649905310fd8e039d99c15cbba6e0458e431,Tue Feb 09 11:37:20 CET 2016
c1d44780675a9ff43e87a44f62969a0214928988,a034e12bfa04044dead41956f14d0d53d7bb7438,7b5ed21d0dda532d43af51d3b5cd44ae6f4b82ed,Tue Feb 02 00:33:09 CET 2016
3787f437ec775aa4aea7013d66ec1556910e02dc,b8f08c35ec832447581d7eb2757845d0ec80f1dc,661e3c99f71ec4ea6b69954fd0546196e6913d78,Mon Feb 01 16:25:45 CET 2016
a241983c9d7def1927406cf7db9a9b5c7c23442a,859f9e69b7927d06fa866b6fd3016366ddff52ba,ed7bc5ba16d8746de5f709508db6d3d3c60ef574,Mon Feb 01 14:38:33 CET 2016
859f9e69b7927d06fa866b6fd3016366ddff52ba,187009c12c4b7c10f03270fa9c9ea8f919417a6c,74a1959c3b59d9ddd4af8656dfb9b0d575bac557,Fri Jan 29 12:58:19 CET 2016
23d41ce42f32af5c238b7466a65a82a9b95edf9c,744875e03f2596d06425afbfc3a957f84ff0fb51,bc6de733d12ecca33f49b44cdcefe5f16c5bb5c0,Thu Jan 28 15:07:00 CET 2016
7ff99eb89d887c17c69f1b9abcfe676421134ccd,21dc50966f0a8c0ae3315985f91e2945da7638f5,a8c967306a059a2c5fd3a03ed315a3990a078610,Wed Jan 27 16:33:50 CET 2016
71c3e57aee3581686329af74aa459c04ae04420a,6ec13e62a7d7071f7a57b5bbe2ba581ecda52160,f8cb1912af190e42245a646cc66bf3bb3dc7f2f9,Wed Jan 27 11:42:42 CET 2016
0404db65e3497452886173957729c8e82cfd4a03,daadf8e04feb3a316a6c845a0c2ed56f519a1eab,63da9281a9e9d1302a62b27102961b4d2483bf91,Wed Jan 27 11:31:00 CET 2016
3b35754f5900286acdeb9ada7d2a988a9d177ecd,d63b8a25f8ccfa68d34681505a9be27daef38c5b,4e5316591a95b28528335e1905558bfa1c0c4c6a,Tue Jan 26 14:17:53 CET 2016
36d98478bf3fba3bdc469d1b856bf60cc947553e,a5a62932b9cca3f89c8fa5e7cfed26e91ff2958b,4c1e93bd89cfbf97c25e84e0cdcf9818e9cd97f6,Mon Jan 25 18:01:09 CET 2016
cd8320b1716642ae4b0daec6ebc7623d041df674,e6f9cbce8f76096ea7366922e731cc9e93fb83b9,ec31feca93fdfad9c8b4ef7a757b408ecf18d274,Mon Jan 25 11:42:20 CET 2016
9a1fdb6987feadaf6d433ca0a8e131ead1b6f50c,ad7fec87b019255d88f01afb02df9088dc280b43,e9bb3d31a33f45752de25cd646955d07be345aff,Fri Jan 22 15:18:18 CET 2016
602a0f183ed055ae4e0688fc0aa14cfb13c96306,993092cde660abdf0a13228be954ff7e877969b4,df5f1b1ee9da7d45e20880e411d7e5280ef5ca59,Tue Jan 19 22:01:38 CET 2016
3d0cedbabbedca4649f8778cb3e6329717db4b7a,e9e300c42e5fa16d54c8dcd2d9ba71701c473c11,5c8816436400063d7a439b389378f94090247efe,Tue Jan 19 20:47:43 CET 2016
bd37ba22e3168b5a586a944cd1278ff45a7a5ee8,fa0e1488aac3a7e772283cc92e753f636e50942c,5b2ded5c961ee332c91fc514fc6496f31a4e53c0,Tue Jan 19 12:11:57 CET 2016
645b0530611d5856ba11d62171eef489a94afc48,85797aeb503d3ed8a17fb0ac0ce3a37a512731ea,7745c64a625f8d411d0dcd0f808f38043af8d819,Fri Jan 15 20:04:37 CET 2016
4d152b1474f98d64c7df8167f5327d40f6f30e66,91289b8560275c1ce86ada66d495f97114c1fef0,d5f8d8ea829445d6f0be314b3bc64d0874c9292f,Wed Jan 13 11:52:24 CET 2016
f3de7783d2f6e1a53529170c8bfcb79f2e9bade3,db832cce068a6595c9e00b34c0ae751e653d0441,39bc001e33489c5033da2bb7520cb907d2dd16ff,Mon Jan 11 11:36:16 CET 2016
4d0feff2efc358914f2d29634eafdb4dec1e5c0f,2078d3f4dbefb4d7f3f306464ce49e8da9fecdbf,77dbfbc98842afb15b8def37e9cef570e2c53a36,Mon Jan 11 10:00:10 CET 2016
3b7d1b47f71879a463d5b22530304d9b0a9c9fe0,2c33f781929be230c7b7c5ee5d59334d45bfa5ce,e7f9d685f1133710e7ec52eea064ea690823472b,Thu Jan 07 13:42:02 CET 2016
2078d3f4dbefb4d7f3f306464ce49e8da9fecdbf,83a5fe9650c36fa2a416f9da1e4c63b8432fea4b,8081c782efa276f45e4df1f04d4464f760ff9d85,Wed Jan 06 11:56:06 CET 2016
3744fb9dc0ed3f4ccf6503d49a33d287986e64d7,5f4afe842cfc37876e52f5112efaa895bf564bd4,7e3ccf2ee32cef80715b3d47cb30e06426e3002c,Wed Jan 06 10:03:42 CET 2016
83a5fe9650c36fa2a416f9da1e4c63b8432fea4b,31afc8a9a575c1965cfec2faab7e3c001a6cf981,d0a10b337ed414eaf8ef3c60452d1a2f92be6ae8,Fri Dec 18 22:45:34 CET 2015
853e9c0fd10af51e66f5b9d63c5e6b248968c15e,0f518e1b07059293b7ab94c5494ff86f531053a4,10dfa32f9ddc2216be2aabb88462a32ce5900333,Fri Dec 18 21:24:30 CET 2015
eae3da3b54ed023c7624b9507e5f7ce606259d04,8543d7795e6982b1a4481bb2498b3a358c3e8683,05c42c19895a1260580119f8f16a6818c4d105a0,Thu Dec 17 15:13:41 CET 2015
6ea266a89c563c5ef6b987df809495cc4cbc7594,4f445688dd59c01f61cfca64e3094e7bbd097cb4,bc8745dcc27caca6d66e646e759017514a021b55,Tue Dec 15 16:33:01 CET 2015
df03ed94a0e0e8efee9db64a34e06c084f598138,3106948ae1d85a1c3cb62cb9ba9dd8d42e693261,4426ed0a097e1a15df494e61087624540bde94a6,Tue Dec 15 15:01:12 CET 2015
27d8509f0e95e598d725bc713da07d5b433631c6,99e328c9bfb87a84943ab3357d5d2f0cc07c12a5,7bca97bba6ac012f875d758cc5f49546396b20e2,Tue Dec 15 11:07:19 CET 2015
503a166b7148a79ac6221894eca4835ef68d3480,a8382de09d88ead31fd52a97dda15572f92b1360,afcaa593ae7c5cc4e337e779d307ad31a9010cae,Fri Dec 11 14:32:16 CET 2015
b8367817174790c9ebda17e1ab30362783792335,68f1a87c481bc9d7ad77e725a65fb38c8bb5e01b,7f4ef9f586236aa518ee9d29b58775300901804f,Fri Dec 11 09:16:21 CET 2015
68f1a87c481bc9d7ad77e725a65fb38c8bb5e01b,95e8a39b9bf603799ccd477795f76af6ccdc6420,fafeb3abddd8e691e966064bfd3131714e20d8a2,Thu Dec 10 17:50:56 CET 2015
fa1c708ccd65d2dbd15a8306134856221dfbf3b0,30fe74b5df2cf9f94fc62eb6a90cf15e74f897b2,4e80a5e0994f25caa19c3e78573bdc9fa6bcc4c6,Tue Dec 08 01:01:32 CET 2015
6062c4eac9f597814863a3cbfa62b46cdcff5785,d7c3b51b9c9fb7aed8d106891a27ad57bb0bc281,914486795f0c97cc0167141d15a4f10cd3696089,Mon Dec 07 15:53:39 CET 2015
95e8a39b9bf603799ccd477795f76af6ccdc6420,bffd55dd040c6918a0d2bb5cfd0c62e9b9ea72d3,54022774620dd1ec5789576a9985eb96f5493152,Mon Dec 07 14:03:31 CET 2015
01d48e2062452aa800ff577d1870ab42ef09588c,784ebb1e1b9691225120ca9eac5c5b3473d853fc,a6752c4da9f9b40304b9869269d17789c8012a8b,Fri Dec 04 20:29:49 CET 2015
bffd55dd040c6918a0d2bb5cfd0c62e9b9ea72d3,3d061a8e6259006b0a849b0a7f059783af25b9f6,c512cc5248d488a886d03ab52cf4a31cf11d2126,Tue Nov 24 20:04:46 CET 2015
8de24c2f9f87435224552f95e6a34987bc865522,e2e38b3d713e86bd8f87c5646074307e2df1671a,c1264b926fb3967f7d2d25f1576549b304ffeab3,Mon Nov 23 13:58:27 CET 2015
88ee2e23a6bba3ba0a9a424913a229343205212f,167ccefba6e7223376ab05a0c3c32cbe2b0353af,61d62078f5e68f78bd435b58247ddbca07de6cc4,Fri Nov 20 21:20:59 CET 2015
c93f0741833022aa22efd77257d143d0a0007f43,d872e2c5279a8a9827c0851218b1f4a641265639,a077f4a933b16b4b255ac46b1912eee9602b00c6,Thu Nov 19 19:26:06 CET 2015
d68b8101e1551576122c0e8d4b47d6a9c5475190,1e5af7b6f382b822df5ba188b5fc7ff750ba17cc,6a2fa73fb5309935ed5b42d4cfa8f47b47dacc59,Thu Nov 19 11:04:36 CET 2015
a164586796e99f4ee022b362ff4edc5f4a9d79c1,bfc235f2ed3d6ef56b4b093090d05881283ee3ed,550f462c47db3016ac12d5da576bd412592cc91d,Sun Nov 08 08:19:50 CET 2015
363454ce4a5c40d7c7b20a5ea72d1c7ae6ac2698,e204671aa97f037b102c6a36f1c25d23225179ff,1a4b5bba2bc42fb1be0003cb71371062fedc24ff,Wed Nov 04 14:48:24 CET 2015
759948f6c1ff4259d27e5bbe19a97a8515968c4b,968561ad49714efe1312835a0ea0052d1a25372d,b6a23185638197cfa5f2cab612c558b9e73734fe,Tue Nov 03 17:10:13 CET 2015
4f5f2ff5e9682981b650e6b7ff63c469bec80951,14e09ad20c3a0bbab4245e62354e4c35f02c1a20,5104365a9210b348af959b8896c5c0e49b6fecf0,Mon Nov 02 19:03:10 CET 2015
3b5058017e88e31a4101f3c48d58a9f5ac58452c,56069a2b97ca07ebd14d5421d6d3e399534a9759,3a458af0b7548c1e23cdf1f4aba19da6febfb7eb,Thu Oct 29 22:18:03 CET 2015
edef67ffdce72e62dcd2a14e29b8d4427ec6cac4,969b385c59742dad9e97962ad12252f2bbf5f9d1,c335b3a1762080f8cb5b2694985d93f17978474e,Mon Oct 26 11:05:57 CET 2015
c618f75b7640365387ad790bb6e485e16990da9f,ca76712de6d2b41a350d13b92e51ebdff39e3df2,5b1ee8bd749ea553a4aad57962a798a4ff98da77,Thu Oct 15 12:02:34 CEST 2015
d9e11e4b39982930d70ada813a90ca8f5dcebd28,9492223c2b0cab7a7af7873fab7e1801ce75a105,50368b3704d346e8aeec057474a13e1bd3a637d9,Fri Oct 09 18:04:03 CEST 2015
4557d1b560fdd3d7ec0f2aeea6f82a2031ce423e,7aaba204200200be5a82ec37b6508c39373d75be,2b43a1cec2b8a20a281e85c9e498a34dbbe99b82,Thu Oct 08 12:39:34 CEST 2015
23f97c30a094e8557d7ea4b28c2daba5c0ed9bdf,7f435e2f4f3d7e2249781986cf8c72b00e5f301e,072f6ae138cff390a8f28a8024bf3a00fca73904,Wed Oct 07 18:20:27 CEST 2015
1915c74e93e13f1b9e755cfdda0343b1475577ee,108f5c5701b9811de6743bb54f34107e6d54712f,a798f4f711d1921755596004d7cd1904c5dcddaf,Tue Oct 06 16:21:58 CEST 2015
bb2611d2f55f8a07e6a33cb1c40059eed50f33c1,0692b82563c32ce5db447c15d920e32219739d1b,ed7c051586e8701a82fbff3b024e2f7352301e61,Tue Oct 06 15:13:58 CEST 2015
a0821355384ec6881bade28dd3d29e1a64bea550,c5971272ee71a24f17e4958d729588c59266ab05,2fd1cde35e2870cf7e854f94b807d430c30e5828,Tue Oct 06 10:19:56 CEST 2015
ba68a8df63f45af12642b0874ac64dd4841fc832,672a54b39a40ea3cbddcd5d861aa71316d9df268,3ab39385016377778a50df1023d1a944304cefa1,Mon Oct 05 20:00:53 CEST 2015
9f08d48d340783fc8096b52d3c8f3631c2e21312,2b94126567200814cc36998b93537e3025e9e1cd,74d641181e77beb4bc350493bab6f69872665691,Fri Sep 25 11:14:53 CEST 2015
34de79370f2b7e220d254484ebb2e01cb94b74f2,4425cd657024f817d806b7258c3e86ad497f916b,e939611c8ef2b940887f0f3ad158d966998d4846,Fri Sep 25 09:38:24 CEST 2015
08ae68c19544a3bcf4e517d78093bac8ef60949f,394e551365f2f45f7735d08e2ea57123d86de46a,dbb01f5b43704ee75c92aff30ed2ee62b791e0d8,Wed Sep 23 19:07:30 CEST 2015
1aae68d2e8b0ad8e7524ccd0119bd56375bfcca6,7d887a1e0558803da8747c74a526687f1ad3d57d,86f201e84a725292eacfaec10754cd0b61e80379,Tue Sep 22 12:43:55 CEST 2015
8aa6aec34433e7d5f74b25fe59bb84ce1a6a9d5b,eedb39a5a950f2685fd63524ce58c4bb321ecb36,18c519145de99c40c34dcb75769bab6eec22ac79,Tue Sep 22 03:04:57 CEST 2015
1228a9fe55582f99afff2c356408008b069c704b,197313c19be74f40222bf20f742071e1b266d5d0,c8d1f7aa673e20a8806826b86b348dd34f9b4864,Fri Sep 18 20:35:56 CEST 2015
bab9523c5688f254a75b3e975f0f5ae934dc0190,37b46fb79c622fec79e220b4ac93d548b59982ae,5b3118fc247699683d2bb00290586c21bc25d701,Fri Sep 18 12:05:03 CEST 2015
713009df37ec1fc8c2ef4b9da00d2e179ffaa5f7,6ea687683904926b651e5f1666e3b934d0265605,3fa3b1597f590bce6dfeb632e3ea7bf961e70399,Mon Sep 14 21:36:20 CEST 2015
90f24c1a79705cdf63e232517b87905744ae5b3d,adaa998225794d47ba17fd40efb5108ab47879a4,40959068d5b47d60d45b9437a25cd8a7a289e9a1,Mon Sep 14 14:31:01 CEST 2015
73f7df510e45d36e9892dfbbf219a66df2d7322e,d49a744b7eceaf85191778f4d074b3607508a07d,2c618a11de0ef2497f1a0b5d7cccf5ad4e7ff4d0,Fri Sep 11 14:15:12 CEST 2015
1b8047e51c02c518c8f9b04d168a849e8d973bcf,80b59e0d66a91c4fdfccd2cfd2432060f5600bd4,5ae00a6129ae1a8a8291c51f5967f81d4db4a85c,Fri Sep 11 09:56:13 CEST 2015
3839d15ea075a55dcacbc6adae408c5fce119434,a0fea6d365cf841bc6ba59ee82072db316ead1c7,2574b5e7f4d0028d408cb119845dd277596873da,Thu Sep 10 16:13:01 CEST 2015
56b3db6ba3463d244ea777b527b7a786caa5042c,8d2a2f8d664c495b2cc69eb7f9a8eaab903f125a,c10f116a8421e4e168f8a243aca920b0621c6a47,Thu Sep 10 15:52:28 CEST 2015
db705ab4609c48961333d984d21d4a26f8b86781,678e1be5cf9c94607677c91b7e4b889a1f6362a5,73d84e4797441670c259c3916a5e3b42552725b0,Wed Sep 09 17:08:22 CEST 2015
be3409f1dbd38de5b61c5a29160828048501ef84,ea83007c7e972b44f93fffd9c6e4cbde2d4b417a,b98cd5f611597e394b47fd88972751ef8c2ad08d,Fri Sep 04 19:21:38 CEST 2015
6295f8e7957d89d49284a5bd4a9a136c8c7e67fc,d06be0707caaf974b9efdadd68196859bc3bfff0,2539b779c80e2c7c29cc2e9fcf2e6a85b59edc52,Sun Aug 30 23:20:54 CEST 2015
78d097de39906fae207accf413bf6a6878aa5d80,084a6101fecc675a051bd05f7fda746821423fe4,db5e225a25b4f0d35e6f767cd1b69d41fdabf0e7,Fri Aug 28 10:49:28 CEST 2015
59cb67c7bd0ab6311115b20954e013412b676b29,8757af2d928355a799290207d9128adae4c78fa1,8ff1efbcf05fa54262b3f6d0ab12f30516d1b52a,Tue Aug 25 11:59:40 CEST 2015
311faa822a19a1b3a97629bb947777df9579b10b,6520395c1cc8f6cab4895047f8d0f21fc4a5f686,119e9ba138e6f2a8c09e4e9d12ef67eee57b7986,Tue Aug 25 04:06:58 CEST 2015
297f0f22d7934b1948040e3b70595e10a831c718,89e1a0fb7dd6227fb1d74d51644da7a52c3f7055,339486b943f35f666b07b05cd9ea184e6f9be8a4,Mon Aug 24 21:03:25 CEST 2015
2d42839eefa506e568fdb2b7045fa260ef2354c5,b18e4702782668e36648bd24083c0d2c16732a18,13c1c27d5af84a18bac189a2bc92d748c7dff371,Fri Aug 21 15:58:36 CEST 2015
739306841770bc8a3c35aea6aaa74780fffe8d20,c3a22e6f0e91f25e32363e48a81f926d5740646a,0ffd99cca3f297bf3f9707a0b06ff76e6e67f0ef,Tue Aug 18 23:15:08 CEST 2015
c0444ccbc6a783e5a9363d0e99dba8aa400dca38,4c5cfd02cc25c08d9567653a06f5a97ccf08f21d,5496a504e284dbf13f8ae736d231de03bd65382e,Tue Aug 18 19:16:40 CEST 2015
4a3faf1126800a4e4be736e11fae64269e7a4e55,3843ae484d2196d084444d010e118c669a831f2c,501a1996a38a50dd5460f4a3a18ee5ea959b2331,Tue Aug 18 15:20:16 CEST 2015
de54671173003750b5df2671c1ab64d1903fe8fb,260a929e3bc1166c4f60bb15f6e9d9a829667393,34635a4b4f376cfb148c867723cc0fd669cd88cd,Tue Aug 18 10:35:17 CEST 2015
f3d63095dbcc985e24162fbac4ee0d6914dc757d,be638fb6ef894f26464cd9b1702084d00a96eec7,4010e7e9a7148d66d5fb3699c5a042053efea1f4,Fri Aug 14 12:34:26 CEST 2015
f8a90edab28fe6039b2d418519393f34d2f8da80,8ac439fc1b40893ae12d09319a15b40b5ed2dc9d,4010e7e9a7148d66d5fb3699c5a042053efea1f4,Fri Aug 14 11:40:49 CEST 2015
dc1a2d2e5aa92c6855354d2c544fc75a2b3e24e0,9f64c75391f79d0b1caa5171ae1b4f78ec4f88ca,1f41a8c682fffee8b7ef56018c47e7ef247343da,Thu Aug 13 23:35:48 CEST 2015
5edb287d3a5e9e774698f3e8f610b0fcef9fb23b,d79faab0f581ecf7f81fc4d6f36bc8b7c024bcb1,d0b2566345f4e7d634fa59fe13792df15aa90a48,Fri Aug 07 11:13:24 CEST 2015
20f944bf9459c5dd0b8326641c43782ddc0880b4,b763265f677132fe3772d51135734f542540e6bb,6f13171d50612f3004cc0eee5ddb5beead06b104,Thu Aug 06 15:09:14 CEST 2015
e472cbed09cb6a4020a2ff4114e546abe8476252,052cf1446f9caea16454e0db5860e8e694c61119,0e027d82c92775949e628587fc49c9a37fb44cf8,Mon Aug 03 19:20:34 CEST 2015
012825207521ad97adbe82d08aab4c835378909f,3d534136503ac860df7f6b775823a9cf3db1acaa,20facccaf6b2aa40ab7bd93eb9357359d336a1cf,Mon Jul 27 14:16:39 CEST 2015
081d264f401ceced5344d20111e68a38316bd96b,8776463084d097b31ad442059b065083fb808900,219f48119c1f9c7dd3bce7ca21d40a5f078ef821,Fri Jul 24 17:57:17 CEST 2015
8cd03cce5ef8b611e5442c8571614ad46edb8ad8,1c99626b844dd9103e8ddae7f132557ba3c0c9f6,f4ba5ac6b8579d8aae29ee5157585e752dae9630,Tue Jul 21 09:29:34 CEST 2015
c0490215c7dcc48a042e712aaaa851754bc03df2,ac92ad627067b4a8816e2efbcce89a2e8ecca689,964a8490164805d98ffbe8b496b0578218043196,Mon Jul 20 12:20:57 CEST 2015
fc1b178dc4b844070f29074ce27f8bc348a9499f,a0cccec86f949408b516668c056e3fb5ebf72d34,a6c00073256cff58ccf83ec6699166bedd34a6f7,Wed Jul 08 13:11:25 CEST 2015
d7bc27469005d5a84fd9fbbbd2c4e3efaf95099b,9a146b9e75992fd92a18dfe170447e5a0562222e,177180ac94ea08709bc52036483319f722750be1,Mon Jul 06 21:15:15 CEST 2015
e12bb4a54aba2238a8b97e0b71f5d488421eab6a,90f32d4d32cde5ae28fbc6a3e725afafbdf1c58f,41dc1b01209f8d94af09f84d2fa3043bb3dd162a,Thu Jul 02 19:38:30 CEST 2015
63530631f9fe1f63b9677af61019639bd8cb78cf,88e3d6c4bc27433e793cec349f532b44421cbe16,90f32d4d32cde5ae28fbc6a3e725afafbdf1c58f,Thu Jul 02 15:29:48 CEST 2015
d7187238a21cdf5aaee75e2820855893a36a7e16,4b071f8d2c2bbca6b7067bce502634079c8fada8,6765635067564840f0696671d60571624e335ffd,Thu Jul 02 11:46:47 CEST 2015
654dc20897b0e4eb479c5dea64b3a87dc496ba4e,10f80167e66901ce9b208b974d4d8ac2bdc6fa53,bbaf4710cbf056134ec789ed3d6fe7ea2af1a05d,Tue Jun 30 17:38:31 CEST 2015
6678acfe23bf9a10bcfaa9028a3f18c25970e0f1,9d47e809c67fc39e71548385f03fcca7faf11774,f5f73259e4d98fa1d0ad6e441e3af3f0d7381cb9,Fri Jun 26 14:48:20 CEST 2015
791d111cc0cc021e7bb28c5a8a3add26c834b6e4,573c85251efbfbbf17413fd55786099b29b79253,dc67bd0021555beefb9be8ef5c1606937baf812c,Wed Jun 24 17:05:17 CEST 2015
99147228d721acfad158a6b0166783e3ab930ebb,33b3323a6332d40e6c211bc14d762065c6a5d0d4,b78211ddaaf719b71dff9fd31ee83414904de6c6,Tue Jun 23 10:16:21 CEST 2015
9171ff095989646994b5a7ca1a64620ce688dd72,33668a8df0c47db0390ac91baff206416c9ebc8d,f4a143d1387f9b4de841aa2460483157fc9baa5a,Wed Jun 17 11:54:00 CEST 2015
5d3bedfe9680c002b2b2eca578669ba06d92df70,11492b896234272d7e38ab1aec0942c063a362f0,cdd13253deee8c4f0cafe5a048161e4efb9ffce7,Tue Jun 16 11:12:00 CEST 2015
64fdb0eeb08e63947a6324468104e8fe621f887c,d9fe7cc252d51c517f32ba4df269d9c05118f52c,a24c10c703ab8fe790eb4504992d16e8f0551273,Tue Jun 09 15:17:27 CEST 2015
a04a9777d47f9423ccb518092eedad68336f70f8,ea07e5ba9429089ac3787db53b96a0c1c4eb86f1,a1b410652da7ff8a6b3568342cf3d78cb1519135,Tue Jun 09 15:17:23 CEST 2015
42acee358705868f099edd3e6c6c92e7c18cf80e,b096984f0499b12d9650980aca6c2d40c0412fa0,3bda78e43b125a678778fe175c2b3fc623e0c515,Tue Jun 09 10:48:32 CEST 2015
7f673fbdfd92a204b06a4ec307909a338d4721fe,b282ac6192b76cea828d0a946d1db220abe688de,8f2dc10832c022e768cf11f4ac8584aeb616c8e3,Mon Jun 08 15:14:13 CEST 2015
b3088d50a181a15db7597b24325751a555599bd1,7c23416b4a50bc8e1e4fc7e675c62626bd80c2a4,a704a9ff831cdb2f942a345a1675a78e12bdd927,Fri Jun 05 13:12:38 CEST 2015
68ba0d9babc5025e9bd613aef714ce81ff02d514,f10a971e8fadc493c29b8af9104061ef909e1a73,553c913aa3b0f1ef2f722f7bf3adfc861cc87c3e,Fri Jun 05 13:12:34 CEST 2015
3ab627b72fa44415d26adc1f0a9f011763303fc2,682ad1e5f9532f7af50e01abe7fd0d5a57e3a0c7,4e9e74da97b37e712a25da8c415760bb92ee9802,Fri Jun 05 13:12:30 CEST 2015
f3228e394d90a5f6aa89fd06415da7521b54fa1d,d0be9e5f7a9f22ea952241594b9b39ffd01ab944,ed3cc8d03449137a6144716a22646a7b4555c569,Fri Jun 05 13:12:26 CEST 2015
0d328b07bdf16c0d2e1aa921bae39d844e8af6a9,1cb86507d4e7eaadbf83f12bfac3aaec9d35646a,8d9ff57bc37942f11e1542deadf1b6dbf14e29ed,Fri Jun 05 13:12:21 CEST 2015
263bc6bff805ee18f9d86069c4cb73aa988e3ef6,3ca26fa1b4922a740c876c629f3e2008b6e4a354,78f9ee6d1bd4d6388c87dd4905f4de8b30ff29f9,Fri Jun 05 13:12:17 CEST 2015
87df2b21da4f36699f433e80af859bb170979ec0,69f425daffe392062a4b00936da81f0ccbb6f915,6f8c2c7936d44d5b8cb120523e75fb7846c54ca1,Fri Jun 05 13:12:14 CEST 2015
7294d27e5cddab35c1a130a43a062cd216eb0608,96101d3e7e5552a68d4a52debce6bdbf74dad3aa,9b41b94459f8ad25aeca93012e68228bc1c3828c,Fri Jun 05 13:12:09 CEST 2015
e1197dfea98712b085083639f74901d1c6a7e0f2,dae9750a8324e29458b8609a33b0bce8154c58cb,a138f627bef2fbb2e207d559611f5ec770ee7d4a,Thu Jun 04 19:59:10 CEST 2015
b625ddd17f933d81510f32fc4f642da9c6c28e5c,1f2c42fd0be06e7a7ab9cf2c5e70d82988a11856,59d9f7e1579ca70973d14e94da0b8794e60f3b85,Wed Jun 03 11:37:41 CEST 2015
b1f6d1abd65735f6abee642212bb4b4569fe1aca,61e94617562e8046b0aa6a794d1b2b48b1d5bb65,59d9f7e1579ca70973d14e94da0b8794e60f3b85,Wed Jun 03 10:44:02 CEST 2015
87a0c76e9c844072c0495b830a835f38c501294e,6f002ffca822baca8a4ba741cce0574986e43186,37bdbe074a6f89c1da9e0b58013dad79872580fe,Fri May 29 10:31:03 CEST 2015
b03d7584b46d6e09a78b8d78e5b08d5e9956526e,5aaebb6d8303c1b99d509676f560cd40b078fdb3,e97353e84a45c79ba3795ad82b60ab9345831fc1,Tue May 26 09:54:08 CEST 2015
242a452142c1f821cffb1d8843570eb0f3b92fb8,78d7e5b6957719304a154807e1aae0f84acd7f18,b3f1a5da4a364eba426f8bd8e14cee62673452ab,Tue May 19 14:55:45 CEST 2015
9d2852f0ab76f42f267feed3328c215e51b6c088,55f99dfce6e763e0ceb0259b45933de26a8b7436,84b24e130eb0d4bf950f81d6915fe23bbc33bde4,Tue May 19 12:16:22 CEST 2015
f9f0e99eae0792b4eb3040803745e7a46ccfd8a7,5d4db0edde9353fce3be08bfb7319c974a0b5df2,1038933832afd66144fbbee3e285e711c829edff,Sun May 17 20:11:19 CEST 2015
9f81ae48459ede10f3de1e71ab9ef9b3801eb404,a42d92df21f774aa1f3fd51550ea570f14dfaba5,c5e74a8d72a32e3acd3f947990e3adcd8cc2e262,Fri May 15 17:01:23 CEST 2015
020ad5a72366838e38369b4668447d66f4c5ea4a,25b9b7324c9978171f5f0c0aca842398b94afd29,33fd25083e520e40cc9181a0d690e637b6eb04f4,Wed May 13 18:20:22 CEST 2015
34e98d7dfba409492e8f60bb8a29e1c26494fa61,0c7eb0fddce92f81cf1c04508621d617919be455,5578499d61f7838d732cee8075740e0797d4f0ef,Mon May 11 11:13:12 CEST 2015
c98f290d927b15d5840f92ac4e68562e60cd901f,ed094aa37f729d2cb8068657eeac928117984048,a536bd5f811150633e26d31f375cfaa999bdc92e,Fri May 08 10:33:39 CEST 2015
87af6491c95aa99d295c8fb63bea9f4a138e3b67,43eae13c5702033327afe953adc078880ecbf1f8,14e5880feab9ac827a452ec123f69493a52531bb,Tue May 05 16:15:13 CEST 2015
1a8ab9a33dd9a0276b107d2a890b6b0138a9c7f1,48f23634cc0a7c09f59fce65b4bbdbc31e4bce51,fe5a35b68efa9128ef524de6a215f6fccae2cc9d,Tue May 05 12:54:52 CEST 2015
01d6f0dc1d569f4d7e947a322129e492092724ee,c15f3eff3ae08f43dd24c54c4856a9fb97b83d0e,f042b8f2e1f7c21eec5b6f2b79d9efcd9b1c6896,Mon May 04 15:55:29 CEST 2015
d6e0ab3a10b048be458ffccc6b14ae09dca2891c,8b7b2f3cdf632ca41f9164e03b00aa6baea1090e,fe7d018f0cb431d16062f18d3f7552781caf4ea6,Mon May 04 14:21:15 CEST 2015
7e5f9d5628fda74e73af48048594a4369fd39099,d596f5cc45284a60a88276b90f2bb1937415307b,23ac32e616533137e8132124cadeb6ea08b78ea2,Mon May 04 11:37:54 CEST 2015
79cac8258bfb23760da1b75225e8ab1adf3a85a4,0fd7ed4bcddc833aac32f5a403a00f1a1c22d970,77ac4528fb2cca4b631eaf144de6ae0567fb2201,Thu Apr 30 11:00:28 CEST 2015
57a88859643477db5ae62a3a64d936a8ef5679b7,3bb8ff2a925e69017826a5f71dca2ee1cdafcaac,528f6481eaadd2a0585dc6731a94d7a024b8ce29,Wed Apr 29 16:49:41 CEST 2015
fb481bc145778d5aba996b01af4b82e2f8e84952,6ac4d6daef3e7668602d237fd0f09a59a47f2daa,4f8ea7835680e074e3b987f25fa9f2393ce84c5b,Thu Apr 16 00:34:24 CEST 2015
56a37620ed2cffd57b8b3fa6b5dcbf4ee4718df9,e19d20b407ce3a652c6a63d0bf335431b1fe0fde,fcc09f62b91820e207edb2d69328c774cae30f7e,Thu Apr 09 16:33:34 CEST 2015
dc0391273197ef0060d8d1da58d87f51dd9d9a93,7c046d28bf4f077f9bbe0b5e9069c74b2319d212,a5ab49dc705d97860b46fbb9b05734a6e10b8ec9,Wed Mar 04 11:49:46 CET 2015
2203f439e211be5510cfb0d6e1d2483dba15c6fe,06629409a3a4666d600d3ae8360f94fc2ab7534d,c8839ee68c552c01ca28f462a27c0351e23f7bb5,Fri Nov 21 11:00:01 CET 2014
598854dd72d7fb01a7e26a9dad065de3deaa5eb7,889db1c824d8c573835e8cbadd0c6f3ba25f8fcd,34f4ca763c5bb16b4fa9fb0b657b89971003fb74,Mon Sep 01 16:13:57 CEST 2014
63a9ae4e2b17584c98b3a8f4d68d25920899fb4d,63cbc8439357f496ce630c2eb35b2cf02342fa4b,fa4315005bde25cee545dcf7b932ccc7ceaf8cff,Fri Dec 27 20:38:51 CET 2013
79d7860a721a85af0c76c092037a46ab3ebb9f16,623952f8396ff12ad183b0f753a0530e6c834433,dfd0e2cc411102711335bb4723c3446cfce7bb03,Sun Feb 26 17:19:12 CET 2012
93134bd89e85f03655100ecc7998a3e307e61534,17e8b7f40c307c0177ab77a1fb0e05b4093dac25,23ca0d2cb25d3ba7a0ef2ae7d568bd3ecab2d026,Wed Feb 08 08:31:41 CET 2012
01340a408d5bdd1bab6ce42b4334375c5b36f916,5259f7c87229288f6de00fe2255e4a146f8ce0e1,78c1d1115f90302536257da746ef822ddb2f2646,Tue Jan 31 13:37:53 CET 2012
c7472e3fccd4f16c1c6cf87d2bb4494a1ba1500a,3099f4cf3c799fd200aa1e61adc5f384b757c507,7c335c63e4f4a7b6001c40b156b3edec56fa2e63,Wed Sep 10 15:15:41 CEST 2014
1800432a1cd6ccfffd9bb7edaebf8f25e55902ec,8b1eb81e86710b3111bfccd0af68a5c2ada1570c,ccb86e6dedecf7fe2ac2e2382c75947958094e98,Wed Sep 10 15:33:28 CEST 2014
7de52ed0e7092af61662d92e9794e5afdd90bfb3,760454df83e78991a5fb457b76a755c6a33e5a56,af8e1d1b1a464b2e5e37ca9c9a827af50a7bb3ea,Wed Sep 10 16:09:34 CEST 2014
84838a87cc598a9a9f05f68476cdd67b31e2ecc2,b0514538aac530f1a39491f95cc0bed083ed0163,64a7296cea2e8efde76637b1caaa007e8a4f10a2,Thu Nov 06 18:01:49 CET 2014
6f9fadec02576f4cbc00ccef305b98821c0abbd5,59ddfff7078fcf37de26e30e016d6370f21dee0e,96f0ab5c0d521e0171e399a0140cbc534b4f7c43,Thu Jul 16 18:06:11 CEST 2015
a08317dd89c4076c0b9486ca6180d541591c3538,b5f54ba82b9c032c279f812ab7432eb4b12a506d,793e85b514b4b43434e064635537e8ea9275b8cf,Fri Jul 17 16:19:46 CEST 2015
ced94bff0c76d36d3d0f875a41ce3570e107e63a,38b56a4bb834b3d0d8f9b9b896c4e55a21bdf596,b4cc53e89fcbfc863ca7dc0985018cef464b8f64,Tue Jul 21 18:54:43 CEST 2015
6319d4bd07ded3b89f67098a3b69c11e5f74be22,516eb8e23523dd883b50e41b2687d820d746734a,6c216ab6c3457d07d26d381e57095cd7f2a70e5c,Wed Jul 22 21:18:07 CEST 2015
c0a453c720d51d1c25de6deadcde9f92b81ce85b,34b689fd6f25c576453a5bcbe6815b3ab532b611,7cbaa0a3d57770878b4c37ce2f363f333c837cce,Tue Aug 04 02:14:52 CEST 2015
82ab7727076764d5c43cd492c70efc2f5b1e44bd,ef349ae8361e8c70300d771dcc7d0c0bce067ba1,47a0af5fa36c511532510343b6d4c652ff2b379a,Wed Oct 14 19:18:13 CEST 2015
d6a2526b5420125ba543282720d7036340e2c7e0,80b2502eff13fb63e8e875dbbe5356ef306940e7,2fe0652b877b2bca7dabd9416d007c1c6dd87043,Thu Oct 15 21:11:46 CEST 2015
ac5a3f6c0c728fc73b3d38ba3dc5b0e39a753265,8d48bb68399f924aa75e4a2dc825d68b91cabd92,411c5f930f3f4cdc0ae69e51643bbe323b4b2c29,Mon Aug 08 13:59:25 CEST 2016
ce4c3888735fd0c44d8093580317858f63a70804,ecec8d2f2490a8343d40985556a98007be500673,fc65e9a291c831848d115b73e92c92e1495563f7,Wed Sep 14 14:58:46 CEST 2016
abf46e036b85499c23998e95205c7ba6306809ed,a25b54b75002b763325ba70382d33c7417555920,9145ceea4b939357cf6454c0ed1d57bf70b4eac4,Wed Feb 01 18:14:26 CET 2017
a76ac61d13c2fe7f5445354585d3e10ec4f4a221,ff5e3a66722a5bb6088b7f51fdbccb3a03f33595,5f999266a47f39a6650d8ff0987b2086cdb39277,Fri Feb 10 18:31:23 CET 2017
1bdcb344541e285950a7142c9fc9b2ba2246c05e,75dea6f139b5a82926619d5f819e741b939207fe,ea79bdfdbe7e6ae72fbf26f57b1f092e4fa835c7,Thu Feb 23 18:54:04 CET 2017
85498c0d94cf5c1455e2efc4fd9593a2a99231d9,995d4d2c4babcda1822f3a011ff2047595f0a270,45e388c1efa4aa8b9e0bb0b2f156ca7258866239,Thu May 04 21:13:05 CEST 2017
b866f08b56918c985fc91542b72fb44c4f3fcbc6,bb31dc1b308327e71af1e68530eab379d3aa022d,bd74442b324deefef428a42c9b5a481975edf94a,Wed Aug 02 20:50:14 CEST 2017
